{"count":1,"self":118.874624,"total":129.797094,"children":{"InitializeActuators":{"count":1,"self":0.00079599999999999994,"total":0.00079599999999999994,"children":null},"InitializeSensors":{"count":1,"self":0.001173,"total":0.001173,"children":null},"AgentSendState":{"count":54247,"self":0.18308,"total":10.701409,"children":{"CollectObservations":{"count":1085,"self":10.5086408,"total":10.508640999999999,"children":null},"WriteActionMask":{"count":1085,"self":0.0015949999999999998,"total":0.0015949999999999998,"children":null},"RequestDecision":{"count":1085,"self":0.005092,"total":0.008093,"children":{"RayPerceptionSensor.Perceive":{"count":1085,"self":0.0030009999999999998,"total":0.0030009999999999998,"children":null}}}}},"DecideAction":{"count":54247,"self":0.098028999999999991,"total":0.098028999999999991,"children":null},"AgentAct":{"count":54247,"self":0.12082599999999999,"total":0.12082799999999999,"children":{"RayPerceptionSensor.Perceive":{"count":1,"self":2E-06,"total":2E-06,"children":null}}},"RayPerceptionSensor.Perceive":{"count":2,"self":4.9999999999999996E-06,"total":4.9999999999999996E-06,"children":null}},"gauges":{"Perrinn424Agent.CumulativeReward":{"count":3,"max":-4.637701,"min":-8005.449,"runningAverage":-2679.92847,"value":-8005.449,"weightedAverage":-2009.53955}},"metadata":{"timer_format_version":"0.1.0","start_time_seconds":"1732999740","unity_version":"2022.3.4f1","command_line_arguments":"\/Applications\/Unity\/Hub\/Editor\/2022.3.4f1\/Unity.app\/Contents\/MacOS\/Unity -projectpath \/Users\/miguel.alonso\/Projects\/project-424-unity-ml-agents -useHub -hubIPC -cloudEnvironment production","communication_protocol_version":"1.5.0","com.unity.ml-agents_version":"3.0.0","scene_name":"424 Nordschleife Scene v2","end_time_seconds":"1732999870"}}