{
    "name": "root",
    "gauges": {
        "Perrinn424Agent.Policy.Entropy.mean": {
            "value": -0.49847832322120667,
            "min": -0.4985239505767822,
            "max": 0.2897476851940155,
            "count": 3868
        },
        "Perrinn424Agent.Policy.Entropy.sum": {
            "value": -5024.1630859375,
            "min": -5206.623046875,
            "max": 2966.75048828125,
            "count": 3868
        },
        "Perrinn424Agent.Step.mean": {
            "value": 49991663.0,
            "min": 10393555.0,
            "max": 49991663.0,
            "count": 3868
        },
        "Perrinn424Agent.Step.sum": {
            "value": 49991663.0,
            "min": 10393555.0,
            "max": 49991663.0,
            "count": 3868
        },
        "Perrinn424Agent.Policy.ExtrinsicValueEstimate.mean": {
            "value": 0.053313154727220535,
            "min": 0.04449602589011192,
            "max": 0.058510150760412216,
            "count": 3868
        },
        "Perrinn424Agent.Policy.ExtrinsicValueEstimate.sum": {
            "value": 10.92919635772705,
            "min": 4.564100742340088,
            "max": 12.042703628540039,
            "count": 3868
        },
        "Perrinn424Agent.IsTraining.mean": {
            "value": 1.0,
            "min": 1.0,
            "max": 1.0,
            "count": 3868
        },
        "Perrinn424Agent.IsTraining.sum": {
            "value": 1.0,
            "min": 1.0,
            "max": 1.0,
            "count": 3868
        },
        "Perrinn424Agent.Environment.EpisodeLength.mean": {
            "value": 599.0,
            "min": 491.09090909090907,
            "max": 599.0,
            "count": 3867
        },
        "Perrinn424Agent.Environment.EpisodeLength.sum": {
            "value": 9584.0,
            "min": 6589.0,
            "max": 13178.0,
            "count": 3867
        },
        "Perrinn424Agent.Environment.CumulativeReward.mean": {
            "value": 0.6716766831814311,
            "min": 0.4570248488245888,
            "max": 0.6911911391572276,
            "count": 3867
        },
        "Perrinn424Agent.Environment.CumulativeReward.sum": {
            "value": 10.746826930902898,
            "min": 6.402570575723075,
            "max": 13.753589060157537,
            "count": 3867
        },
        "Perrinn424Agent.Policy.ExtrinsicReward.mean": {
            "value": 0.6716766831814311,
            "min": 0.4570248488245888,
            "max": 0.6911911391572276,
            "count": 3867
        },
        "Perrinn424Agent.Policy.ExtrinsicReward.sum": {
            "value": 10.746826930902898,
            "min": 6.402570575723075,
            "max": 13.753589060157537,
            "count": 3867
        },
        "Perrinn424Agent.Losses.PolicyLoss.mean": {
            "value": 0.020326735133615634,
            "min": 0.012725192673193912,
            "max": 0.06262134377999852,
            "count": 3860
        },
        "Perrinn424Agent.Losses.PolicyLoss.sum": {
            "value": 0.020326735133615634,
            "min": 0.012725192673193912,
            "max": 0.06262134377999852,
            "count": 3860
        },
        "Perrinn424Agent.Losses.ValueLoss.mean": {
            "value": 1.397842519660723e-06,
            "min": 7.208095231211094e-07,
            "max": 4.566089568622071e-05,
            "count": 3860
        },
        "Perrinn424Agent.Losses.ValueLoss.sum": {
            "value": 1.397842519660723e-06,
            "min": 7.208095231211094e-07,
            "max": 4.566089568622071e-05,
            "count": 3860
        },
        "Perrinn424Agent.Policy.LearningRate.mean": {
            "value": 6.616479492187501e-05,
            "min": 1.3539843749999995e-05,
            "max": 0.00025456712036132814,
            "count": 3860
        },
        "Perrinn424Agent.Policy.LearningRate.sum": {
            "value": 6.616479492187501e-05,
            "min": 1.3539843749999995e-05,
            "max": 0.00025456712036132814,
            "count": 3860
        },
        "Perrinn424Agent.Policy.Epsilon.mean": {
            "value": 0.20000000000000007,
            "min": 0.20000000000000007,
            "max": 0.20000000000000007,
            "count": 3860
        },
        "Perrinn424Agent.Policy.Epsilon.sum": {
            "value": 0.20000000000000007,
            "min": 0.20000000000000007,
            "max": 0.20000000000000007,
            "count": 3860
        },
        "Perrinn424Agent.Policy.Beta.mean": {
            "value": 0.005000000000000001,
            "min": 0.005000000000000001,
            "max": 0.005000000000000001,
            "count": 3860
        },
        "Perrinn424Agent.Policy.Beta.sum": {
            "value": 0.005000000000000001,
            "min": 0.005000000000000001,
            "max": 0.005000000000000001,
            "count": 3860
        }
    },
    "metadata": {
        "timer_format_version": "0.1.0",
        "start_time_seconds": "1734668696",
        "python_version": "3.10.12 | packaged by conda-forge | (main, Jun 23 2023, 22:41:52) [Clang 15.0.7 ]",
        "command_line_arguments": "/Users/miguel.alonso/miniforge3/envs/mlagents/bin/mlagents-learn config/Perrinn424Agent.yaml --env=Builds/project424 --num-envs=20 --no-graphics --run-id=v4-sr-900-tr-1000-df-50 --resume",
        "mlagents_version": "1.2.0.dev0",
        "mlagents_envs_version": "1.2.0.dev0",
        "communication_protocol_version": "1.5.0",
        "pytorch_version": "2.4.1",
        "numpy_version": "1.23.5",
        "end_time_seconds": "1734808263"
    },
    "total": 139566.59197725,
    "count": 1,
    "self": 1.0059594169724733,
    "children": {
        "run_training.setup": {
            "total": 0.16319158300757408,
            "count": 1,
            "self": 0.16319158300757408
        },
        "TrainerController.start_learning": {
            "total": 139565.42282625003,
            "count": 1,
            "self": 222.1947090284084,
            "children": {
                "TrainerController._reset_env": {
                    "total": 8.574784125026781,
                    "count": 1,
                    "self": 8.574784125026781
                },
                "TrainerController.advance": {
                    "total": 139334.6317044726,
                    "count": 7874855,
                    "self": 149.62996974564157,
                    "children": {
                        "env_step": {
                            "total": 130917.13024159247,
                            "count": 7874855,
                            "self": 82512.16525217559,
                            "children": {
                                "SubprocessEnvManager._take_step": {
                                    "total": 47965.72463811538,
                                    "count": 39676836,
                                    "self": 4346.8529631613055,
                                    "children": {
                                        "TorchPolicy.evaluate": {
                                            "total": 43618.871674954076,
                                            "count": 39611634,
                                            "self": 43618.871674954076
                                        }
                                    }
                                },
                                "workers": {
                                    "total": 439.2403513015015,
                                    "count": 7874855,
                                    "self": 0.0,
                                    "children": {
                                        "worker_root": {
                                            "total": 2790180.229798984,
                                            "count": 39676823,
                                            "is_parallel": true,
                                            "self": 1557528.1486810716,