{
    "name": "root",
    "gauges": {
        "Perrinn424Agent.Policy.Entropy.mean": {
            "value": 0.5929440855979919,
            "min": 0.5895941257476807,
            "max": 1.49651038646698,
            "count": 1506
        },
        "Perrinn424Agent.Policy.Entropy.sum": {
            "value": 6058.70263671875,
            "min": 5973.27392578125,
            "max": 15411.876953125,
            "count": 1506
        },
        "Perrinn424Agent.Step.mean": {
            "value": 15421398.0,
            "min": 10200.0,
            "max": 15421398.0,
            "count": 1506
        },
        "Perrinn424Agent.Step.sum": {
            "value": 15421398.0,
            "min": 10200.0,
            "max": 15421398.0,
            "count": 1506
        },
        "Perrinn424Agent.Policy.ExtrinsicValueEstimate.mean": {
            "value": 0.047984398901462555,
            "min": -0.008578852750360966,
            "max": 0.10779502242803574,
            "count": 1506
        },
        "Perrinn424Agent.Policy.ExtrinsicValueEstimate.sum": {
            "value": 9.788817405700684,
            "min": -1.758664846420288,
            "max": 21.990184783935547,
            "count": 1506
        },
        "Perrinn424Agent.Environment.EpisodeLength.mean": {
            "value": 599.0,
            "min": 390.23809523809524,
            "max": 599.0,
            "count": 1506
        },
        "Perrinn424Agent.Environment.EpisodeLength.sum": {
            "value": 8985.0,
            "min": 2995.0,
            "max": 12579.0,
            "count": 1506
        },
        "Perrinn424Agent.Environment.CumulativeReward.mean": {
            "value": 0.5751890984751905,
            "min": -0.01199211514946572,
            "max": 0.6210366395202332,
            "count": 1506
        },
        "Perrinn424Agent.Environment.CumulativeReward.sum": {
            "value": 8.627836477127858,
            "min": -0.22785018783984867,
            "max": 12.088085677940398,
            "count": 1506
        },
        "Perrinn424Agent.Policy.ExtrinsicReward.mean": {
            "value": 0.5751890984751905,
            "min": -0.01199211514946572,
            "max": 0.6210366395202332,
            "count": 1506
        },
        "Perrinn424Agent.Policy.ExtrinsicReward.sum": {
            "value": 8.627836477127858,
            "min": -0.22785018783984867,
            "max": 12.088085677940398,
            "count": 1506
        },
        "Perrinn424Agent.IsTraining.mean": {
            "value": 1.0,
            "min": 1.0,
            "max": 1.0,
            "count": 1506
        },
        "Perrinn424Agent.IsTraining.sum": {
            "value": 1.0,
            "min": 1.0,
            "max": 1.0,
            "count": 1506
        },
        "Perrinn424Agent.Losses.PolicyLoss.mean": {
            "value": 0.024543236847966908,
            "min": 0.013689987555456659,
            "max": 0.035404937559117874,
            "count": 1502
        },
        "Perrinn424Agent.Losses.PolicyLoss.sum": {
            "value": 0.024543236847966908,
            "min": 0.013689987555456659,
            "max": 0.035404937559117874,
            "count": 1502
        },
        "Perrinn424Agent.Losses.ValueLoss.mean": {
            "value": 1.550984516143217e-05,
            "min": 4.45329685589968e-06,
            "max": 0.03178039168318113,
            "count": 1502
        },
        "Perrinn424Agent.Losses.ValueLoss.sum": {
            "value": 1.550984516143217e-05,
            "min": 4.45329685589968e-06,
            "max": 0.03178039168318113,
            "count": 1502
        },
        "Perrinn424Agent.Policy.LearningRate.mean": {
            "value": 9.583846435546872e-05,
            "min": 4.4270043945312505e-05,
            "max": 0.003667019227337839,
            "count": 1502
        },
        "Perrinn424Agent.Policy.LearningRate.sum": {
            "value": 9.583846435546872e-05,
            "min": 4.4270043945312505e-05,
            "max": 0.003667019227337839,
            "count": 1502
        },
        "Perrinn424Agent.Policy.Epsilon.mean": {
            "value": 0.20000000000000007,
            "min": 0.20000000000000007,
            "max": 0.20000000000000007,
            "count": 1502
        },
        "Perrinn424Agent.Policy.Epsilon.sum": {
            "value": 0.20000000000000007,
            "min": 0.20000000000000007,
            "max": 0.20000000000000007,
            "count": 1502
        },
        "Perrinn424Agent.Policy.Beta.mean": {
            "value": 0.005000000000000001,
            "min": 0.005000000000000001,
            "max": 0.005000000000000001,
            "count": 1502
        },
        "Perrinn424Agent.Policy.Beta.sum": {
            "value": 0.005000000000000001,
            "min": 0.005000000000000001,
            "max": 0.005000000000000001,
            "count": 1502
        }
    },
    "metadata": {
        "timer_format_version": "0.1.0",
        "start_time_seconds": "1734564224",
        "python_version": "3.10.12 | packaged by conda-forge | (main, Jun 23 2023, 22:41:52) [Clang 15.0.7 ]",
        "command_line_arguments": "/Users/miguel.alonso/miniforge3/envs/mlagents/bin/mlagents-learn config/Perrinn424Agent.yaml --env=Builds/project424 --num-envs=20 --no-graphics --run-id=v4",
        "mlagents_version": "1.2.0.dev0",
        "mlagents_envs_version": "1.2.0.dev0",
        "communication_protocol_version": "1.5.0",
        "pytorch_version": "2.4.1",
        "numpy_version": "1.23.5",
        "end_time_seconds": "1734619809"
    },
    "total": 55585.18730858399,
    "count": 1,
    "self": 1.4575656670203898,
    "children": {
        "run_training.setup": {
            "total": 0.08104824999463744,
            "count": 1,
            "self": 0.08104824999463744
        },
        "TrainerController.start_learning": {
            "total": 55583.648694666976,
            "count": 1,
            "self": 93.62091091761249,
            "children": {
                "TrainerController._reset_env": {
                    "total": 9.137918207998155,
                    "count": 1,
                    "self": 9.137918207998155
                },
                "TrainerController.advance": {
                    "total": 55480.78052220831,
                    "count": 3692546,
                    "self": 65.7034622624924,
                    "children": {
                        "env_step": {
                            "total": 52151.26625079723,
                            "count": 3692546,
                            "self": 33565.872894129076,
                            "children": {
                                "SubprocessEnvManager._take_step": {
                                    "total": 18410.77929898689,
                                    "count": 15449987,
                                    "self": 1628.745792958478,
                                    "children": {
                                        "TorchPolicy.evaluate": {
                                            "total": 16782.033506028412,
                                            "count": 15424325,
                                            "self": 16782.033506028412
                                        }
                                    }
                                },
                                "workers": {
                                    "total": 174.61405768126133,
                                    "count": 3692545,
                                    "self": 0.0,
                                    "children": {
                                        "worker_root": {
                                            "total": 1111122.6679565357,
                                            "count": 15449967,
                                            "is_parallel": true,
                                            "self": 588037.6801769071,