{
    "name": "root",
    "gauges": {
        "Perrinn424Agent.Policy.Entropy.mean": {
            "value": -0.06269771605730057,
            "min": -0.06269771605730057,
            "max": 1.4218703508377075,
            "count": 976
        },
        "Perrinn424Agent.Policy.Entropy.sum": {
            "value": -634.5009155273438,
            "min": -646.218505859375,
            "max": 15550.1455078125,
            "count": 976
        },
        "Perrinn424Agent.Environment.EpisodeLength.mean": {
            "value": 570.7619047619048,
            "min": 4.0,
            "max": 599.0,
            "count": 976
        },
        "Perrinn424Agent.Environment.EpisodeLength.sum": {
            "value": 11986.0,
            "min": 4.0,
            "max": 14940.0,
            "count": 976
        },
        "Perrinn424Agent.Step.mean": {
            "value": 9994225.0,
            "min": 10205.0,
            "max": 9994225.0,
            "count": 976
        },
        "Perrinn424Agent.Step.sum": {
            "value": 9994225.0,
            "min": 10205.0,
            "max": 9994225.0,
            "count": 976
        },
        "Perrinn424Agent.Policy.ExtrinsicValueEstimate.mean": {
            "value": 0.050070520490407944,
            "min": -0.007208352908492088,
            "max": 0.1983077973127365,
            "count": 976
        },
        "Perrinn424Agent.Policy.ExtrinsicValueEstimate.sum": {
            "value": 10.31452751159668,
            "min": -1.4849207401275635,
            "max": 40.653099060058594,
            "count": 976
        },
        "Perrinn424Agent.Environment.CumulativeReward.mean": {
            "value": 0.5808978559216484,
            "min": 0.004660480394807547,
            "max": 0.6529349685336153,
            "count": 976
        },
        "Perrinn424Agent.Environment.CumulativeReward.sum": {
            "value": 12.779752830276266,
            "min": 0.016390878707170486,
            "max": 13.817577188136056,
            "count": 976
        },
        "Perrinn424Agent.Policy.ExtrinsicReward.mean": {
            "value": 0.5808978559216484,
            "min": 0.004660480394807547,
            "max": 0.6529349685336153,
            "count": 976
        },
        "Perrinn424Agent.Policy.ExtrinsicReward.sum": {
            "value": 12.779752830276266,
            "min": 0.016390878707170486,
            "max": 13.817577188136056,
            "count": 976
        },
        "Perrinn424Agent.IsTraining.mean": {
            "value": 1.0,
            "min": 1.0,
            "max": 1.0,
            "count": 976
        },
        "Perrinn424Agent.IsTraining.sum": {
            "value": 1.0,
            "min": 1.0,
            "max": 1.0,
            "count": 976
        },
        "Perrinn424Agent.Losses.PolicyLoss.mean": {
            "value": 0.024152106481293838,
            "min": 0.013827657412427167,
            "max": 0.034920337780689197,
            "count": 973
        },
        "Perrinn424Agent.Losses.PolicyLoss.sum": {
            "value": 0.024152106481293838,
            "min": 0.013827657412427167,
            "max": 0.034920337780689197,
            "count": 973
        },
        "Perrinn424Agent.Losses.ValueLoss.mean": {
            "value": 5.179241361474851e-06,
            "min": 3.191854845378354e-06,
            "max": 0.03869393523782492,
            "count": 973
        },
        "Perrinn424Agent.Losses.ValueLoss.sum": {
            "value": 5.179241361474851e-06,
            "min": 3.191854845378354e-06,
            "max": 0.03869393523782492,
            "count": 973
        },
        "Perrinn424Agent.Policy.LearningRate.mean": {
            "value": 0.0003,
            "min": 0.0003,
            "max": 0.0003,
            "count": 973
        },
        "Perrinn424Agent.Policy.LearningRate.sum": {
            "value": 0.0003,
            "min": 0.0003,
            "max": 0.0003,
            "count": 973
        },
        "Perrinn424Agent.Policy.Epsilon.mean": {
            "value": 0.20000000000000007,
            "min": 0.20000000000000007,
            "max": 0.20000000000000007,
            "count": 973
        },
        "Perrinn424Agent.Policy.Epsilon.sum": {
            "value": 0.20000000000000007,
            "min": 0.20000000000000007,
            "max": 0.20000000000000007,
            "count": 973
        },
        "Perrinn424Agent.Policy.Beta.mean": {
            "value": 0.0010000000000000002,
            "min": 0.0010000000000000002,
            "max": 0.0010000000000000002,
            "count": 973
        },
        "Perrinn424Agent.Policy.Beta.sum": {
            "value": 0.0010000000000000002,
            "min": 0.0010000000000000002,
            "max": 0.0010000000000000002,
            "count": 973
        }
    },
    "metadata": {
        "timer_format_version": "0.1.0",
        "start_time_seconds": "1733520868",
        "python_version": "3.10.12 | packaged by conda-forge | (main, Jun 23 2023, 22:41:52) [Clang 15.0.7 ]",
        "command_line_arguments": "/Users/miguel.alonso/miniforge3/envs/mlagents/bin/mlagents-learn config/Perrinn424Agent.yaml --env=Builds/project424 --num-envs=32 --no-graphics",
        "mlagents_version": "1.2.0.dev0",
        "mlagents_envs_version": "1.2.0.dev0",
        "communication_protocol_version": "1.5.0",
        "pytorch_version": "2.4.1",
        "numpy_version": "1.23.5",
        "end_time_seconds": "1733548616"
    },
    "total": 27748.68511237501,
    "count": 1,
    "self": 2.332665292022284,
    "children": {
        "run_training.setup": {
            "total": 0.2823639580165036,
            "count": 1,
            "self": 0.2823639580165036
        },
        "TrainerController.start_learning": {
            "total": 27746.07008312497,
            "count": 1,
            "self": 64.9616810704465,
            "children": {
                "TrainerController._reset_env": {
                    "total": 13.646763625030871,
                    "count": 1,
                    "self": 13.646763625030871
                },
                "TrainerController.advance": {
                    "total": 27667.43877992948,
                    "count": 1307363,
                    "self": 39.53871367016109,
                    "children": {
                        "env_step": {
                            "total": 25742.937582967104,
                            "count": 1307363,
                            "self": 11797.696838603937,
                            "children": {
                                "SubprocessEnvManager._take_step": {
                                    "total": 13811.056186057802,
                                    "count": 10017218,
                                    "self": 1205.7490678623435,
                                    "children": {
                                        "TorchPolicy.evaluate": {
                                            "total": 12605.307118195458,
                                            "count": 10000793,
                                            "self": 12605.307118195458
                                        }
                                    }
                                },
                                "workers": {
                                    "total": 134.1845583053655,
                                    "count": 1307363,
                                    "self": 0.0,
                                    "children": {
                                        "worker_root": {
                                            "total": 887119.0874650286,
                                            "count": 10017214,
                                            "is_parallel": true,
                                            "self": 475160.56807456026,