{
    "name": "root",
    "gauges": {
        "Perrinn424Agent.Policy.Entropy.mean": {
            "value": 0.13437806069850922,
            "min": 0.10522938519716263,
            "max": 1.4204652309417725,
            "count": 488
        },
        "Perrinn424Agent.Policy.Entropy.sum": {
            "value": 2797.482421875,
            "min": 2131.5263671875,
            "max": 31149.953125,
            "count": 488
        },
        "Perrinn424Agent.Step.mean": {
            "value": 9994181.0,
            "min": 20400.0,
            "max": 9994181.0,
            "count": 488
        },
        "Perrinn424Agent.Step.sum": {
            "value": 9994181.0,
            "min": 20400.0,
            "max": 9994181.0,
            "count": 488
        },
        "Perrinn424Agent.Policy.ExtrinsicValueEstimate.mean": {
            "value": 0.022380536422133446,
            "min": -0.07004113495349884,
            "max": 0.04977613314986229,
            "count": 488
        },
        "Perrinn424Agent.Policy.ExtrinsicValueEstimate.sum": {
            "value": 4.588009834289551,
            "min": -14.28839111328125,
            "max": 10.15433120727539,
            "count": 488
        },
        "Perrinn424Agent.Environment.EpisodeLength.mean": {
            "value": 599.0,
            "min": 565.1142857142858,
            "max": 599.0,
            "count": 488
        },
        "Perrinn424Agent.Environment.EpisodeLength.sum": {
            "value": 20965.0,
            "min": 16173.0,
            "max": 23960.0,
            "count": 488
        },
        "Perrinn424Agent.Environment.CumulativeReward.mean": {
            "value": 0.4710875691558503,
            "min": -0.9386361193236973,
            "max": 0.5327069847022786,
            "count": 488
        },
        "Perrinn424Agent.Environment.CumulativeReward.sum": {
            "value": 17.43024005876646,
            "min": -33.7909002956531,
            "max": 19.523536287144452,
            "count": 488
        },
        "Perrinn424Agent.Policy.ExtrinsicReward.mean": {
            "value": 0.4710875691558503,
            "min": -0.9386361193236973,
            "max": 0.5327069847022786,
            "count": 488
        },
        "Perrinn424Agent.Policy.ExtrinsicReward.sum": {
            "value": 17.43024005876646,
            "min": -33.7909002956531,
            "max": 19.523536287144452,
            "count": 488
        },
        "Perrinn424Agent.IsTraining.mean": {
            "value": 1.0,
            "min": 1.0,
            "max": 1.0,
            "count": 488
        },
        "Perrinn424Agent.IsTraining.sum": {
            "value": 1.0,
            "min": 1.0,
            "max": 1.0,
            "count": 488
        },
        "Perrinn424Agent.Losses.PolicyLoss.mean": {
            "value": 0.026760381281686327,
            "min": 0.012150203700487812,
            "max": 0.033541071640017135,
            "count": 487
        },
        "Perrinn424Agent.Losses.PolicyLoss.sum": {
            "value": 0.026760381281686327,
            "min": 0.012150203700487812,
            "max": 0.033541071640017135,
            "count": 487
        },
        "Perrinn424Agent.Losses.ValueLoss.mean": {
            "value": 0.0018777517063426786,
            "min": 5.442822415110034e-06,
            "max": 0.1753587879240513,
            "count": 487
        },
        "Perrinn424Agent.Losses.ValueLoss.sum": {
            "value": 0.0018777517063426786,
            "min": 5.442822415110034e-06,
            "max": 0.1753587879240513,
            "count": 487
        },
        "Perrinn424Agent.Policy.LearningRate.mean": {
            "value": 0.0003000000000000001,
            "min": 0.0003000000000000001,
            "max": 0.0003000000000000001,
            "count": 487
        },
        "Perrinn424Agent.Policy.LearningRate.sum": {
            "value": 0.0003000000000000001,
            "min": 0.0003000000000000001,
            "max": 0.0003000000000000001,
            "count": 487
        },
        "Perrinn424Agent.Policy.Epsilon.mean": {
            "value": 0.19999999999999993,
            "min": 0.19999999999999993,
            "max": 0.19999999999999993,
            "count": 487
        },
        "Perrinn424Agent.Policy.Epsilon.sum": {
            "value": 0.19999999999999993,
            "min": 0.19999999999999993,
            "max": 0.19999999999999993,
            "count": 487
        },
        "Perrinn424Agent.Policy.Beta.mean": {
            "value": 0.001,
            "min": 0.001,
            "max": 0.001,
            "count": 487
        },
        "Perrinn424Agent.Policy.Beta.sum": {
            "value": 0.001,
            "min": 0.001,
            "max": 0.001,
            "count": 487
        }
    },
    "metadata": {
        "timer_format_version": "0.1.0",
        "start_time_seconds": "1733084407",
        "python_version": "3.10.12 | packaged by conda-forge | (main, Jun 23 2023, 22:41:52) [Clang 15.0.7 ]",
        "command_line_arguments": "/Users/miguel.alonso/miniforge3/envs/mlagents/bin/mlagents-learn config/Perrinn424Agent.yaml --env=Builds/project424 --num-envs=32 --no-graphics",
        "mlagents_version": "1.2.0.dev0",
        "mlagents_envs_version": "1.2.0.dev0",
        "communication_protocol_version": "1.5.0",
        "pytorch_version": "2.4.1",
        "numpy_version": "1.23.5",
        "end_time_seconds": "1733124551"
    },
    "total": 28154.117953125,
    "count": 1,
    "self": 1.4786082920036279,
    "children": {
        "run_training.setup": {
            "total": 0.18945987500046613,
            "count": 1,
            "self": 0.18945987500046613
        },
        "TrainerController.start_learning": {
            "total": 28152.449884957998,
            "count": 1,
            "self": 65.247968060321,
            "children": {
                "TrainerController._reset_env": {
                    "total": 12.43741158299963,
                    "count": 1,
                    "self": 12.43741158299963
                },
                "TrainerController.advance": {
                    "total": 28074.732112856676,
                    "count": 1290870,
                    "self": 41.641756472228735,
                    "children": {
                        "env_step": {
                            "total": 26240.544863609517,
                            "count": 1290870,
                            "self": 12130.390953642556,
                            "children": {
                                "SubprocessEnvManager._take_step": {
                                    "total": 13973.157931348309,
                                    "count": 10006677,
                                    "self": 1163.8356344787608,
                                    "children": {
                                        "TorchPolicy.evaluate": {
                                            "total": 12809.322296869548,
                                            "count": 10001521,
                                            "self": 12809.322296869548
                                        }
                                    }
                                },
                                "workers": {
                                    "total": 136.99597861865186,
                                    "count": 1290870,
                                    "self": 0.0,
                                    "children": {
                                        "worker_root": {
                                            "total": 900166.9363197947,
                                            "count": 10006670,
                                            "is_parallel": true,
                                            "self": 470926.95470274333,
                                            "children": {
                                                "steps_from_proto": {
                                                    "total": 0.8903830839917646,