{
    "name": "root",
    "gauges": {
        "Perrinn424Agent.Policy.Entropy.mean": {
            "value": -0.09364020824432373,
            "min": -0.09364020824432373,
            "max": 1.418938398361206,
            "count": 976
        },
        "Perrinn424Agent.Policy.Entropy.sum": {
            "value": -974.6072998046875,
            "min": -974.6072998046875,
            "max": 15650.890625,
            "count": 976
        },
        "Perrinn424Agent.Step.mean": {
            "value": 9994223.0,
            "min": 10200.0,
            "max": 9994223.0,
            "count": 976
        },
        "Perrinn424Agent.Step.sum": {
            "value": 9994223.0,
            "min": 10200.0,
            "max": 9994223.0,
            "count": 976
        },
        "Perrinn424Agent.Policy.ExtrinsicValueEstimate.mean": {
            "value": 0.05060392618179321,
            "min": -0.08238238096237183,
            "max": 0.05402260646224022,
            "count": 976
        },
        "Perrinn424Agent.Policy.ExtrinsicValueEstimate.sum": {
            "value": 10.373805046081543,
            "min": -16.806005477905273,
            "max": 11.074634552001953,
            "count": 976
        },
        "Perrinn424Agent.IsTraining.mean": {
            "value": 1.0,
            "min": 1.0,
            "max": 1.0,
            "count": 976
        },
        "Perrinn424Agent.IsTraining.sum": {
            "value": 1.0,
            "min": 1.0,
            "max": 1.0,
            "count": 976
        },
        "Perrinn424Agent.Losses.PolicyLoss.mean": {
            "value": 0.026978019473608582,
            "min": 0.015022586239501834,
            "max": 0.0379458909543852,
            "count": 973
        },
        "Perrinn424Agent.Losses.PolicyLoss.sum": {
            "value": 0.026978019473608582,
            "min": 0.015022586239501834,
            "max": 0.0379458909543852,
            "count": 973
        },
        "Perrinn424Agent.Losses.ValueLoss.mean": {
            "value": 4.1915816685407965e-06,
            "min": 3.0264091644009267e-06,
            "max": 0.039029736258089545,
            "count": 973
        },
        "Perrinn424Agent.Losses.ValueLoss.sum": {
            "value": 4.1915816685407965e-06,
            "min": 3.0264091644009267e-06,
            "max": 0.039029736258089545,
            "count": 973
        },
        "Perrinn424Agent.Policy.LearningRate.mean": {
            "value": 0.0003,
            "min": 0.0003,
            "max": 0.0003,
            "count": 973
        },
        "Perrinn424Agent.Policy.LearningRate.sum": {
            "value": 0.0003,
            "min": 0.0003,
            "max": 0.0003,
            "count": 973
        },
        "Perrinn424Agent.Policy.Epsilon.mean": {
            "value": 0.20000000000000007,
            "min": 0.20000000000000007,
            "max": 0.20000000000000007,
            "count": 973
        },
        "Perrinn424Agent.Policy.Epsilon.sum": {
            "value": 0.20000000000000007,
            "min": 0.20000000000000007,
            "max": 0.20000000000000007,
            "count": 973
        },
        "Perrinn424Agent.Policy.Beta.mean": {
            "value": 0.0010000000000000002,
            "min": 0.0010000000000000002,
            "max": 0.0010000000000000002,
            "count": 973
        },
        "Perrinn424Agent.Policy.Beta.sum": {
            "value": 0.0010000000000000002,
            "min": 0.0010000000000000002,
            "max": 0.0010000000000000002,
            "count": 973
        },
        "Perrinn424Agent.Environment.EpisodeLength.mean": {
            "value": 599.0,
            "min": 451.72727272727275,
            "max": 599.0,
            "count": 975
        },
        "Perrinn424Agent.Environment.EpisodeLength.sum": {
            "value": 11381.0,
            "min": 4792.0,
            "max": 15574.0,
            "count": 975
        },
        "Perrinn424Agent.Environment.CumulativeReward.mean": {
            "value": 0.6075800753835785,
            "min": 0.015424560609947473,
            "max": 0.6315119328792207,
            "count": 975
        },
        "Perrinn424Agent.Environment.CumulativeReward.sum": {
            "value": 11.544021432287991,
            "min": 0.2022284248341748,
            "max": 14.229217384010553,
            "count": 975
        },
        "Perrinn424Agent.Policy.ExtrinsicReward.mean": {
            "value": 0.6075800753835785,
            "min": 0.015424560609947473,
            "max": 0.6315119328792207,
            "count": 975
        },
        "Perrinn424Agent.Policy.ExtrinsicReward.sum": {
            "value": 11.544021432287991,
            "min": 0.2022284248341748,
            "max": 14.229217384010553,
            "count": 975
        }
    },
    "metadata": {
        "timer_format_version": "0.1.0",
        "start_time_seconds": "1733486043",
        "python_version": "3.10.12 | packaged by conda-forge | (main, Jun 23 2023, 22:41:52) [Clang 15.0.7 ]",
        "command_line_arguments": "/Users/miguel.alonso/miniforge3/envs/mlagents/bin/mlagents-learn config/Perrinn424Agent.yaml --env=Builds/project424 --num-envs=32 --no-graphics",
        "mlagents_version": "1.2.0.dev0",
        "mlagents_envs_version": "1.2.0.dev0",
        "communication_protocol_version": "1.5.0",
        "pytorch_version": "2.4.1",
        "numpy_version": "1.23.5",
        "end_time_seconds": "1733513567"
    },
    "total": 27524.376641957962,
    "count": 1,
    "self": 1.6397574989241548,
    "children": {
        "run_training.setup": {
            "total": 0.33430220902664587,
            "count": 1,
            "self": 0.33430220902664587
        },
        "TrainerController.start_learning": {
            "total": 27522.40258225001,
            "count": 1,
            "self": 61.166755258862395,
            "children": {
                "TrainerController._reset_env": {
                    "total": 13.02992187498603,
                    "count": 1,
                    "self": 13.02992187498603
                },
                "TrainerController.advance": {
                    "total": 27448.18363128224,
                    "count": 1240588,
                    "self": 38.6394883125904,
                    "children": {
                        "env_step": {
                            "total": 25557.300489755406,
                            "count": 1240588,
                            "self": 11501.95750800462,
                            "children": {
                                "SubprocessEnvManager._take_step": {
                                    "total": 13925.729488693818,
                                    "count": 10016353,
                                    "self": 1202.7366710019996,
                                    "children": {
                                        "TorchPolicy.evaluate": {
                                            "total": 12722.992817691818,
                                            "count": 10000846,
                                            "self": 12722.992817691818
                                        }
                                    }
                                },
                                "workers": {
                                    "total": 129.61349305696785,
                                    "count": 1240588,
                                    "self": 0.0,
                                    "children": {
                                        "worker_root": {
                                            "total": 879985.8837156727,
                                            "count": 10016330,
                                            "is_parallel": true,
                                            "self": 478160.85761050315,