{
    "name": "root",
    "gauges": {
        "Perrinn424Agent.Policy.Entropy.mean": {
            "value": 0.023100068792700768,
            "min": 0.023100068792700768,
            "max": 1.4414459466934204,
            "count": 976
        },
        "Perrinn424Agent.Policy.Entropy.sum": {
            "value": 232.3173828125,
            "min": 232.3173828125,
            "max": 15575.6865234375,
            "count": 976
        },
        "Perrinn424Agent.Environment.EpisodeLength.mean": {
            "value": 599.0,
            "min": 11.333333333333334,
            "max": 599.0,
            "count": 976
        },
        "Perrinn424Agent.Environment.EpisodeLength.sum": {
            "value": 8985.0,
            "min": 34.0,
            "max": 14960.0,
            "count": 976
        },
        "Perrinn424Agent.Step.mean": {
            "value": 9994210.0,
            "min": 10237.0,
            "max": 9994210.0,
            "count": 976
        },
        "Perrinn424Agent.Step.sum": {
            "value": 9994210.0,
            "min": 10237.0,
            "max": 9994210.0,
            "count": 976
        },
        "Perrinn424Agent.Policy.ExtrinsicValueEstimate.mean": {
            "value": 0.05286957323551178,
            "min": -0.008852521888911724,
            "max": 0.061974745243787766,
            "count": 976
        },
        "Perrinn424Agent.Policy.ExtrinsicValueEstimate.sum": {
            "value": 10.838262557983398,
            "min": -1.8236196041107178,
            "max": 12.642848014831543,
            "count": 976
        },
        "Perrinn424Agent.Environment.CumulativeReward.mean": {
            "value": 0.6180331428845723,
            "min": 0.008637844952597848,
            "max": 0.6405994249507785,
            "count": 976
        },
        "Perrinn424Agent.Environment.CumulativeReward.sum": {
            "value": 9.270497143268585,
            "min": 0.05715643893927336,
            "max": 14.433865859988146,
            "count": 976
        },
        "Perrinn424Agent.Policy.ExtrinsicReward.mean": {
            "value": 0.6180331428845723,
            "min": 0.008637844952597848,
            "max": 0.6405994249507785,
            "count": 976
        },
        "Perrinn424Agent.Policy.ExtrinsicReward.sum": {
            "value": 9.270497143268585,
            "min": 0.05715643893927336,
            "max": 14.433865859988146,
            "count": 976
        },
        "Perrinn424Agent.IsTraining.mean": {
            "value": 1.0,
            "min": 1.0,
            "max": 1.0,
            "count": 976
        },
        "Perrinn424Agent.IsTraining.sum": {
            "value": 1.0,
            "min": 1.0,
            "max": 1.0,
            "count": 976
        },
        "Perrinn424Agent.Losses.PolicyLoss.mean": {
            "value": 0.0233654958428815,
            "min": 0.014056834116733323,
            "max": 0.03438170828546087,
            "count": 973
        },
        "Perrinn424Agent.Losses.PolicyLoss.sum": {
            "value": 0.0233654958428815,
            "min": 0.014056834116733323,
            "max": 0.03438170828546087,
            "count": 973
        },
        "Perrinn424Agent.Losses.ValueLoss.mean": {
            "value": 4.605911734264131e-06,
            "min": 2.843820902853622e-06,
            "max": 0.03340263118346532,
            "count": 973
        },
        "Perrinn424Agent.Losses.ValueLoss.sum": {
            "value": 4.605911734264131e-06,
            "min": 2.843820902853622e-06,
            "max": 0.03340263118346532,
            "count": 973
        },
        "Perrinn424Agent.Policy.LearningRate.mean": {
            "value": 6.989895019531247e-05,
            "min": 3.065468750000001e-05,
            "max": 0.005744855967078191,
            "count": 973
        },
        "Perrinn424Agent.Policy.LearningRate.sum": {
            "value": 6.989895019531247e-05,
            "min": 3.065468750000001e-05,
            "max": 0.005744855967078191,
            "count": 973
        },
        "Perrinn424Agent.Policy.Epsilon.mean": {
            "value": 0.20000000000000007,
            "min": 0.20000000000000007,
            "max": 0.20000000000000007,
            "count": 973
        },
        "Perrinn424Agent.Policy.Epsilon.sum": {
            "value": 0.20000000000000007,
            "min": 0.20000000000000007,
            "max": 0.20000000000000007,
            "count": 973
        },
        "Perrinn424Agent.Policy.Beta.mean": {
            "value": 0.0010000000000000002,
            "min": 0.0010000000000000002,
            "max": 0.0010000000000000002,
            "count": 973
        },
        "Perrinn424Agent.Policy.Beta.sum": {
            "value": 0.0010000000000000002,
            "min": 0.0010000000000000002,
            "max": 0.0010000000000000002,
            "count": 973
        }
    },
    "metadata": {
        "timer_format_version": "0.1.0",
        "start_time_seconds": "1733752161",
        "python_version": "3.10.12 | packaged by conda-forge | (main, Jun 23 2023, 22:41:52) [Clang 15.0.7 ]",
        "command_line_arguments": "/Users/miguel.alonso/miniforge3/envs/mlagents/bin/mlagents-learn config/Perrinn424Agent.yaml --env=Builds/project424 --num-envs=32 --no-graphics",
        "mlagents_version": "1.2.0.dev0",
        "mlagents_envs_version": "1.2.0.dev0",
        "communication_protocol_version": "1.5.0",
        "pytorch_version": "2.4.1",
        "numpy_version": "1.23.5",
        "end_time_seconds": "1733787899"
    },
    "total": 35737.87306762498,
    "count": 1,
    "self": 2.705432665999979,
    "children": {
        "run_training.setup": {
            "total": 0.18451679195277393,
            "count": 1,
            "self": 0.18451679195277393
        },
        "TrainerController.start_learning": {
            "total": 35734.98311816703,
            "count": 1,
            "self": 33.15539965941571,
            "children": {
                "TrainerController._reset_env": {
                    "total": 10.769687332911417,
                    "count": 1,
                    "self": 10.769687332911417
                },
                "TrainerController.advance": {
                    "total": 35691.03292309062,
                    "count": 684310,
                    "self": 15.341047633206472,
                    "children": {
                        "env_step": {
                            "total": 33671.752498826594,
                            "count": 684310,
                            "self": 21230.72126885713,
                            "children": {
                                "SubprocessEnvManager._take_step": {
                                    "total": 12368.40950232104,
                                    "count": 10016634,
                                    "self": 1138.3484462380875,
                                    "children": {
                                        "TorchPolicy.evaluate": {
                                            "total": 11230.061056082952,
                                            "count": 10000669,
                                            "self": 11230.061056082952
                                        }
                                    }
                                },
                                "workers": {
                                    "total": 72.62172764842398,
                                    "count": 684310,
                                    "self": 0.0,
                                    "children": {
                                        "worker_root": {
                                            "total": 1142949.9907454709,
                                            "count": 10016630,
                                            "is_parallel": true,
                                            "self": 786140.5534231347,